Agent,Time,Method,Resource,Version,Status

Mozilla/5.0 (Macintosh; Intel Mac OS X 10_12_6) AppleWebKit/537.36 (KHTML, like Gecko) Chrome/61.0.3163.79 Safari/537.36,2017-09-21T03:12:40.149Z,GET,/logs,HTTP/1.1,200
Mozilla/5.0 (Macintosh; Intel Mac OS X 10_12_6) AppleWebKit/537.36 (KHTML, like Gecko) Chrome/61.0.3163.79 Safari/537.36,2017-09-21T03:12:44.143Z,GET,/logs,HTTP/1.1,200
Mozilla/5.0 (Macintosh; Intel Mac OS X 10_12_6) AppleWebKit/537.36 (KHTML, like Gecko) Chrome/61.0.3163.79 Safari/537.36,2017-09-21T03:12:46.549Z,GET,/log,HTTP/1.1,200
Mozilla/5.0 (Macintosh; Intel Mac OS X 10_12_6) AppleWebKit/537.36 (KHTML, like Gecko) Chrome/61.0.3163.79 Safari/537.36,2017-09-21T03:12:52.038Z,GET,/logs,HTTP/1.1,200
Mozilla/5.0 (Macintosh; Intel Mac OS X 10_12_6) AppleWebKit/537.36 (KHTML, like Gecko) Chrome/61.0.3163.79 Safari/537.36,2017-09-21T03:14:52.071Z,GET,/logs,HTTP/1.1,200
Mozilla/5.0 (Macintosh; Intel Mac OS X 10_12_6) AppleWebKit/537.36 (KHTML, like Gecko) Chrome/61.0.3163.79 Safari/537.36,2017-09-21T03:16:00.693Z,GET,/logs,HTTP/1.1,200
Mozilla/5.0 (Macintosh; Intel Mac OS X 10_12_6) AppleWebKit/537.36 (KHTML, like Gecko) Chrome/61.0.3163.79 Safari/537.36,2017-09-21T03:18:00.724Z,GET,/logs,HTTP/1.1,200
Mozilla/5.0 (Macintosh; Intel Mac OS X 10_12_6) AppleWebKit/537.36 (KHTML, like Gecko) Chrome/61.0.3163.79 Safari/537.36,2017-09-21T03:26:15.608Z,GET,/logs,HTTP/1.1,200
Mozilla/5.0 (Macintosh; Intel Mac OS X 10_12_6) AppleWebKit/537.36 (KHTML, like Gecko) Chrome/61.0.3163.79 Safari/537.36,2017-09-21T03:26:17.196Z,GET,/logs,HTTP/1.1,200
PostmanRuntime/6.3.2,2017-09-21T03:28:06.486Z,GET,/,HTTP/1.1,200
Mozilla/5.0 (Macintosh; Intel Mac OS X 10_12_6) AppleWebKit/537.36 (KHTML, like Gecko) Chrome/61.0.3163.79 Safari/537.36,2017-09-21T03:28:13.097Z,GET,/logs,HTTP/1.1,200
Mozilla/5.0 (Macintosh; Intel Mac OS X 10_12_6) AppleWebKit/537.36 (KHTML, like Gecko) Chrome/61.0.3163.79 Safari/537.36,2017-09-21T03:29:05.901Z,GET,/logs,HTTP/1.1,200
Mozilla/5.0 (Macintosh; Intel Mac OS X 10_12_6) AppleWebKit/537.36 (KHTML, like Gecko) Chrome/61.0.3163.79 Safari/537.36,2017-09-21T03:29:28.262Z,GET,/logs,HTTP/1.1,200
Mozilla/5.0 (Macintosh; Intel Mac OS X 10_12_6) AppleWebKit/537.36 (KHTML, like Gecko) Chrome/61.0.3163.79 Safari/537.36,2017-09-21T03:29:47.560Z,GET,/logs,HTTP/1.1,200
Mozilla/5.0 (Macintosh; Intel Mac OS X 10_12_6) AppleWebKit/537.36 (KHTML, like Gecko) Chrome/61.0.3163.79 Safari/537.36,2017-09-21T03:29:58.982Z,GET,/logs,HTTP/1.1,200
Mozilla/5.0 (Macintosh; Intel Mac OS X 10_12_6) AppleWebKit/537.36 (KHTML, like Gecko) Chrome/61.0.3163.79 Safari/537.36,2017-09-21T03:30:34.382Z,GET,/logs,HTTP/1.1,200
Mozilla/5.0 (Macintosh; Intel Mac OS X 10_12_6) AppleWebKit/537.36 (KHTML, like Gecko) Chrome/61.0.3163.79 Safari/537.36,2017-09-21T03:31:43.477Z,GET,/logs,HTTP/1.1,200
Mozilla/5.0 (Macintosh; Intel Mac OS X 10_12_6) AppleWebKit/537.36 (KHTML, like Gecko) Chrome/61.0.3163.79 Safari/537.36,2017-09-21T03:32:31.345Z,GET,/logs,HTTP/1.1,200
Mozilla/5.0 (Macintosh; Intel Mac OS X 10_12_6) AppleWebKit/537.36 (KHTML, like Gecko) Chrome/61.0.3163.79 Safari/537.36,2017-09-21T03:33:01.242Z,GET,/logs,HTTP/1.1,200
Mozilla/5.0 (Macintosh; Intel Mac OS X 10_12_6) AppleWebKit/537.36 (KHTML, like Gecko) Chrome/61.0.3163.79 Safari/537.36,2017-09-21T03:38:18.083Z,GET,/logs,HTTP/1.1,200
Mozilla/5.0 (Macintosh; Intel Mac OS X 10_12_6) AppleWebKit/537.36 (KHTML, like Gecko) Chrome/61.0.3163.79 Safari/537.36,2017-09-21T03:39:46.947Z,GET,/logs,HTTP/1.1,200
Mozilla/5.0 (Macintosh; Intel Mac OS X 10_12_6) AppleWebKit/537.36 (KHTML, like Gecko) Chrome/61.0.3163.79 Safari/537.36,2017-09-21T03:40:01.609Z,GET,/logs,HTTP/1.1,200
Mozilla/5.0 (Macintosh; Intel Mac OS X 10_12_6) AppleWebKit/537.36 (KHTML, like Gecko) Chrome/61.0.3163.79 Safari/537.36,2017-09-21T03:40:28.773Z,GET,/logs,HTTP/1.1,200
Mozilla/5.0 (Macintosh; Intel Mac OS X 10_12_6) AppleWebKit/537.36 (KHTML, like Gecko) Chrome/61.0.3163.79 Safari/537.36,2017-09-21T03:40:58.319Z,GET,/logs,HTTP/1.1,200
PostmanRuntime/6.3.2,2017-09-21T03:41:04.049Z,GET,/logs,HTTP/1.1,200
PostmanRuntime/6.3.2,2017-09-21T03:41:40.230Z,GET,/logs,HTTP/1.1,200
PostmanRuntime/6.3.2,2017-09-21T03:43:10.743Z,GET,/logs,HTTP/1.1,200
PostmanRuntime/6.3.2,2017-09-21T03:43:52.166Z,GET,/logs,HTTP/1.1,200
PostmanRuntime/6.3.2,2017-09-21T03:46:21.350Z,GET,/logs,HTTP/1.1,200
PostmanRuntime/6.3.2,2017-09-21T03:47:07.188Z,GET,/logs,HTTP/1.1,200
Mozilla/5.0 (Macintosh; Intel Mac OS X 10_12_6) AppleWebKit/537.36 (KHTML, like Gecko) Chrome/61.0.3163.79 Safari/537.36,2017-09-21T03:47:14.560Z,GET,/logs,HTTP/1.1,200
Mozilla/5.0 (Macintosh; Intel Mac OS X 10_12_6) AppleWebKit/537.36 (KHTML, like Gecko) Chrome/61.0.3163.79 Safari/537.36,2017-09-21T03:47:48.586Z,GET,/logs,HTTP/1.1,200
Mozilla/5.0 (Macintosh; Intel Mac OS X 10_12_6) AppleWebKit/537.36 (KHTML, like Gecko) Chrome/61.0.3163.79 Safari/537.36,2017-09-21T03:47:52.055Z,GET,/logs,HTTP/1.1,200
Mozilla/5.0 (Macintosh; Intel Mac OS X 10_12_6) AppleWebKit/537.36 (KHTML, like Gecko) Chrome/61.0.3163.79 Safari/537.36,2017-09-21T03:48:03.290Z,GET,/logs,HTTP/1.1,200
Mozilla/5.0 (Macintosh; Intel Mac OS X 10_12_6) AppleWebKit/537.36 (KHTML, like Gecko) Chrome/61.0.3163.79 Safari/537.36,2017-09-21T03:49:25.491Z,GET,/logs,HTTP/1.1,200
Mozilla/5.0 (Macintosh; Intel Mac OS X 10_12_6) AppleWebKit/537.36 (KHTML, like Gecko) Chrome/61.0.3163.79 Safari/537.36,2017-09-21T03:59:49.919Z,GET,/logs,HTTP/1.1,200
PostmanRuntime/6.3.2,2017-09-21T04:04:12.228Z,GET,/logs,HTTP/1.1,200
Mozilla/5.0 (Macintosh; Intel Mac OS X 10_12_6) AppleWebKit/537.36 (KHTML, like Gecko) Chrome/61.0.3163.79 Safari/537.36,2017-09-21T04:05:00.868Z,GET,/logs,HTTP/1.1,200
Mozilla/5.0 (Macintosh; Intel Mac OS X 10_12_6) AppleWebKit/537.36 (KHTML, like Gecko) Chrome/61.0.3163.79 Safari/537.36,2017-09-21T04:05:00.913Z,GET,/favicon.ico,HTTP/1.1,200
Mozilla/5.0 (Macintosh; Intel Mac OS X 10_12_6) AppleWebKit/537.36 (KHTML, like Gecko) Chrome/61.0.3163.79 Safari/537.36,2017-09-21T04:05:12.077Z,GET,/logs,HTTP/1.1,200
Mozilla/5.0 (Macintosh; Intel Mac OS X 10_12_6) AppleWebKit/537.36 (KHTML, like Gecko) Chrome/61.0.3163.79 Safari/537.36,2017-09-21T04:05:12.135Z,GET,/favicon.ico,HTTP/1.1,200
Mozilla/5.0 (Macintosh; Intel Mac OS X 10_12_6) AppleWebKit/537.36 (KHTML  like Gecko) Chrome/61.0.3163.79 Safari/537.36,2017-09-21T04:05:34.448Z,GET,/logs,HTTP/1.1,200
Mozilla/5.0 (Macintosh; Intel Mac OS X 10_12_6) AppleWebKit/537.36 (KHTML  like Gecko) Chrome/61.0.3163.79 Safari/537.36,2017-09-21T04:05:34.496Z,GET,/favicon.ico,HTTP/1.1,200
Mozilla/5.0 (Macintosh; Intel Mac OS X 10_12_6) AppleWebKit/537.36 (KHTML  like Gecko) Chrome/61.0.3163.79 Safari/537.36,2017-09-21T04:05:39.640Z,GET,/logs,HTTP/1.1,200
Mozilla/5.0 (Macintosh; Intel Mac OS X 10_12_6) AppleWebKit/537.36 (KHTML  like Gecko) Chrome/61.0.3163.79 Safari/537.36,2017-09-21T04:05:39.690Z,GET,/favicon.ico,HTTP/1.1,200
Mozilla/5.0 (Macintosh; Intel Mac OS X 10_12_6) AppleWebKit/537.36 (KHTML  like Gecko) Chrome/61.0.3163.79 Safari/537.36,2017-09-21T04:05:41.834Z,GET,/logs,HTTP/1.1,200
Mozilla/5.0 (Macintosh; Intel Mac OS X 10_12_6) AppleWebKit/537.36 (KHTML  like Gecko) Chrome/61.0.3163.79 Safari/537.36,2017-09-21T04:05:41.888Z,GET,/favicon.ico,HTTP/1.1,200
Mozilla/5.0 (Macintosh; Intel Mac OS X 10_12_6) AppleWebKit/537.36 (KHTML  like Gecko) Chrome/61.0.3163.79 Safari/537.36,2017-09-21T04:05:44.322Z,GET,/logs,HTTP/1.1,200
Mozilla/5.0 (Macintosh; Intel Mac OS X 10_12_6) AppleWebKit/537.36 (KHTML  like Gecko) Chrome/61.0.3163.79 Safari/537.36,2017-09-21T04:05:44.375Z,GET,/favicon.ico,HTTP/1.1,200
Mozilla/5.0 (Macintosh; Intel Mac OS X 10_12_6) AppleWebKit/537.36 (KHTML, like Gecko) Chrome/61.0.3163.79 Safari/537.36,2017-09-21T04:05:51.618Z,GET,/logs,HTTP/1.1,200
Mozilla/5.0 (Macintosh; Intel Mac OS X 10_12_6) AppleWebKit/537.36 (KHTML, like Gecko) Chrome/61.0.3163.79 Safari/537.36,2017-09-21T04:05:51.673Z,GET,/favicon.ico,HTTP/1.1,200
Mozilla/5.0 (Macintosh; Intel Mac OS X 10_12_6) AppleWebKit/537.36 (KHTML, like Gecko) Chrome/61.0.3163.79 Safari/537.36,2017-09-21T04:05:53.282Z,GET,/logs,HTTP/1.1,200
Mozilla/5.0 (Macintosh; Intel Mac OS X 10_12_6) AppleWebKit/537.36 (KHTML, like Gecko) Chrome/61.0.3163.79 Safari/537.36,2017-09-21T04:05:53.333Z,GET,/favicon.ico,HTTP/1.1,200
Mozilla/5.0 (Macintosh; Intel Mac OS X 10_12_6) AppleWebKit/537.36 (KHTML, like Gecko) Chrome/61.0.3163.79 Safari/537.36,2017-09-21T04:05:55.527Z,GET,/logs,HTTP/1.1,200
Mozilla/5.0 (Macintosh; Intel Mac OS X 10_12_6) AppleWebKit/537.36 (KHTML  like Gecko) Chrome/61.0.3163.79 Safari/537.36,2017-09-21T04:06:24.803Z,GET,/logs,HTTP/1.1,200
Mozilla/5.0 (Macintosh; Intel Mac OS X 10_12_6) AppleWebKit/537.36 (KHTML  like Gecko) Chrome/61.0.3163.79 Safari/537.36,2017-09-21T04:06:24.858Z,GET,/favicon.ico,HTTP/1.1,200
PostmanRuntime/6.3.2,2017-09-21T04:09:09.108Z,GET,/logs,HTTP/1.1,200
Mozilla/5.0 (Macintosh; Intel Mac OS X 10_12_6) AppleWebKit/537.36 (KHTML  like Gecko) Chrome/61.0.3163.79 Safari/537.36,2017-09-21T04:09:18.104Z,GET,/logs,HTTP/1.1,200
PostmanRuntime/6.3.2,2017-09-21T04:09:41.571Z,GET,/logs,HTTP/1.1,200
Mozilla/5.0 (Macintosh; Intel Mac OS X 10_12_6) AppleWebKit/537.36 (KHTML  like Gecko) Chrome/61.0.3163.79 Safari/537.36,2017-09-21T04:11:13.963Z,GET,/logs,HTTP/1.1,200
Mozilla/5.0 (Macintosh; Intel Mac OS X 10_12_6) AppleWebKit/537.36 (KHTML  like Gecko) Chrome/61.0.3163.79 Safari/537.36,2017-09-21T04:12:34.965Z,GET,/logs,HTTP/1.1,200
Mozilla/5.0 (Macintosh; Intel Mac OS X 10_12_6) AppleWebKit/537.36 (KHTML  like Gecko) Chrome/61.0.3163.79 Safari/537.36,2017-09-21T04:12:35.029Z,GET,/favicon.ico,HTTP/1.1,200
PostmanRuntime/6.3.2,2017-09-21T04:13:40.271Z,GET,/logs,HTTP/1.1,200
Mozilla/5.0 (Macintosh; Intel Mac OS X 10_12_6) AppleWebKit/537.36 (KHTML  like Gecko) Chrome/61.0.3163.79 Safari/537.36,2017-09-21T04:13:43.764Z,GET,/logs,HTTP/1.1,200
Mozilla/5.0 (Macintosh; Intel Mac OS X 10_12_6) AppleWebKit/537.36 (KHTML  like Gecko) Chrome/61.0.3163.79 Safari/537.36,2017-09-21T04:13:43.846Z,GET,/favicon.ico,HTTP/1.1,200
PostmanRuntime/6.3.2,2017-09-21T04:16:32.197Z,GET,/logs,HTTP/1.1,200
Mozilla/5.0 (Macintosh; Intel Mac OS X 10_12_6) AppleWebKit/537.36 (KHTML  like Gecko) Chrome/61.0.3163.79 Safari/537.36,2017-09-21T04:16:35.450Z,GET,/logs,HTTP/1.1,200
Mozilla/5.0 (Macintosh; Intel Mac OS X 10_12_6) AppleWebKit/537.36 (KHTML  like Gecko) Chrome/61.0.3163.79 Safari/537.36,2017-09-21T04:16:35.533Z,GET,/favicon.ico,HTTP/1.1,200
Mozilla/5.0 (Macintosh; Intel Mac OS X 10_12_6) AppleWebKit/537.36 (KHTML  like Gecko) Chrome/61.0.3163.79 Safari/537.36,2017-09-21T04:16:39.031Z,GET,/logs,HTTP/1.1,200
PostmanRuntime/6.3.2,2017-09-21T04:18:33.309Z,GET,/logs,HTTP/1.1,200
Mozilla/5.0 (Macintosh; Intel Mac OS X 10_12_6) AppleWebKit/537.36 (KHTML  like Gecko) Chrome/61.0.3163.79 Safari/537.36,2017-09-21T04:18:36.776Z,GET,/logs,HTTP/1.1,200
Mozilla/5.0 (Macintosh; Intel Mac OS X 10_12_6) AppleWebKit/537.36 (KHTML  like Gecko) Chrome/61.0.3163.79 Safari/537.36,2017-09-21T04:18:36.871Z,GET,/favicon.ico,HTTP/1.1,200
Mozilla/5.0 (Macintosh; Intel Mac OS X 10_12_6) AppleWebKit/537.36 (KHTML  like Gecko) Chrome/61.0.3163.79 Safari/537.36,2017-09-21T04:18:42.526Z,GET,/logs,HTTP/1.1,200
Mozilla/5.0 (Macintosh; Intel Mac OS X 10_12_6) AppleWebKit/537.36 (KHTML  like Gecko) Chrome/61.0.3163.79 Safari/537.36,2017-09-21T04:18:42.619Z,GET,/favicon.ico,HTTP/1.1,200
Mozilla/5.0 (Macintosh; Intel Mac OS X 10_12_6) AppleWebKit/537.36 (KHTML  like Gecko) Chrome/61.0.3163.79 Safari/537.36,2017-09-21T04:19:02.850Z,GET,/logs,HTTP/1.1,200
Mozilla/5.0 (Macintosh; Intel Mac OS X 10_12_6) AppleWebKit/537.36 (KHTML  like Gecko) Chrome/61.0.3163.79 Safari/537.36,2017-09-21T04:19:02.952Z,GET,/favicon.ico,HTTP/1.1,200
PostmanRuntime/6.3.2,2017-09-21T04:21:20.226Z,GET,/logs,HTTP/1.1,200
Mozilla/5.0 (Macintosh; Intel Mac OS X 10_12_6) AppleWebKit/537.36 (KHTML  like Gecko) Chrome/61.0.3163.79 Safari/537.36,2017-09-21T04:21:21.556Z,GET,/logs,HTTP/1.1,200
Mozilla/5.0 (Macintosh; Intel Mac OS X 10_12_6) AppleWebKit/537.36 (KHTML  like Gecko) Chrome/61.0.3163.79 Safari/537.36,2017-09-21T04:21:21.597Z,GET,/favicon.ico,HTTP/1.1,200
Mozilla/5.0 (Macintosh; Intel Mac OS X 10_12_6) AppleWebKit/537.36 (KHTML  like Gecko) Chrome/61.0.3163.79 Safari/537.36,2017-09-21T04:22:00.434Z,GET,/logs,HTTP/1.1,200
Mozilla/5.0 (Macintosh; Intel Mac OS X 10_12_6) AppleWebKit/537.36 (KHTML  like Gecko) Chrome/61.0.3163.79 Safari/537.36,2017-09-21T04:22:00.475Z,GET,/favicon.ico,HTTP/1.1,200
PostmanRuntime/6.3.2,2017-09-21T04:22:03.384Z,GET,/logs,HTTP/1.1,200
Mozilla/5.0 (Macintosh; Intel Mac OS X 10_12_6) AppleWebKit/537.36 (KHTML  like Gecko) Chrome/61.0.3163.79 Safari/537.36,2017-09-21T04:23:18.045Z,GET,/logs,HTTP/1.1,200
Mozilla/5.0 (Macintosh; Intel Mac OS X 10_12_6) AppleWebKit/537.36 (KHTML  like Gecko) Chrome/61.0.3163.79 Safari/537.36,2017-09-21T04:23:18.112Z,GET,/favicon.ico,HTTP/1.1,200
Mozilla/5.0 (Macintosh; Intel Mac OS X 10_12_6) AppleWebKit/537.36 (KHTML  like Gecko) Chrome/61.0.3163.79 Safari/537.36,2017-09-21T04:23:48.738Z,GET,/logs,HTTP/1.1,200
Mozilla/5.0 (Macintosh; Intel Mac OS X 10_12_6) AppleWebKit/537.36 (KHTML  like Gecko) Chrome/61.0.3163.79 Safari/537.36,2017-09-21T04:25:08.345Z,GET,/logs,HTTP/1.1,200
Mozilla/5.0 (Macintosh; Intel Mac OS X 10_12_6) AppleWebKit/537.36 (KHTML  like Gecko) Chrome/61.0.3163.79 Safari/537.36,2017-09-21T04:25:08.387Z,GET,/favicon.ico,HTTP/1.1,200
Mozilla/5.0 (Macintosh; Intel Mac OS X 10_12_6) AppleWebKit/537.36 (KHTML  like Gecko) Chrome/61.0.3163.79 Safari/537.36,2017-09-21T04:25:17.634Z,GET,/logs,HTTP/1.1,200
Mozilla/5.0 (Macintosh; Intel Mac OS X 10_12_6) AppleWebKit/537.36 (KHTML  like Gecko) Chrome/61.0.3163.79 Safari/537.36,2017-09-21T04:25:17.725Z,GET,/favicon.ico,HTTP/1.1,200
PostmanRuntime/6.3.2,2017-09-21T04:30:02.777Z,GET,/logs,HTTP/1.1,200